"Victoria","Abad San Martin","Ingenieria Electrica","Ingenieria Electromecanica"
"Cesar","Acero Marquina","Tecnologia Electronica","Ingenieria Electromecanica"
"Fernando","Aguilar Romero","Maquinas y Motores Termicos","Ingenieria Electromecanica"
"Virginia","Ahedo Garcia","Organizacion de Empresas","Ingenieria de Organizacion"
"Lourdes","Alameda Cuenca Romero","Construcciones Arquitectonicas","Construcciones Arquitectonicas e Ingenierias de la Construccion y del Terreno"
"Roberto","Alday Serna","Ciencia de la Computacion e Inteligencia Artificial","Ingenieria Informatica"
"Jesus Manuel","Alegre Calderon","Mecanica de Medios Continuos y Teoria de Estructuras","Ingenieria Civil"
"Jesus Maria","Alonso Abad","Lenguajes y Sistemas Informaticos","Ingenieria Informatica"
"Carlos","Alonso de Armino Perez","Organizacion de Empresas","Ingenieria de Organizacion"
"Alvaro","Alonso Diez","Construcciones Arquitectonicas","Construcciones Arquitectonicas e Ingenierias de la Construccion y del Terreno"
"Jesus Angel","Alonso Garcia","Ingenieria e Infraestructura de los Transportes","Ingenieria Civil"
"Belen","Alonso Nunez","Edafologia y Quimica Agricola","Quimica"
"Cristina","Alonso Tristan","Maquinas y Motores Termicos","Ingenieria Electromecanica"
"Silvia Maria","Alvarez de Eulate Villalon","Matematica Aplicada","Matematicas y Computacion"
"Ricardo","Alvarez Munguia","Ingenieria Electrica","Ingenieria Electromecanica"
"Luis Antonio","Antolin Sanchez","Lenguajes y Sistemas Informaticos","Ingenieria Informatica"
"Angel","Aragon Torre","Mecanica de Medios Continuos y Teoria de Estructuras","Ingenieria Civil"
"Roberto","Arce Benito","Organizacion de Empresas","Ingenieria de Organizacion"
"Santiago","Arcos Arcos","Organizacion de Empresas","Ingenieria de Organizacion"
"Alvar","Arnaiz Gonzalez","Lenguajes y Sistemas Informaticos","Ingenieria Informatica"
"Jose Manuel","Aroca Fernandez","Lenguajes y Sistemas Informaticos","Ingenieria Informatica"
"Maria Yolanda","Arribas Santamaria","Edafologia y Quimica Agricola","Quimica"
"Angel","Arroyo Puente","Ciencia de la Computacion e Inteligencia Artificial","Ingenieria Informatica"
"Raquel","Arroyo Sanz","Construcciones Arquitectonicas","Construcciones Arquitectonicas e Ingenierias de la Construccion y del Terreno"
"Jose Daniel","Ballester Delgado","Lenguajes y Sistemas Informaticos","Ingenieria Informatica"
"Maria Esther","Banos Garcia","Expresion Grafica en la Ingenieria","Expresion Grafica"
"Jose Antonio","Barbero Aparicio","Lenguajes y Sistemas Informaticos","Ingenieria Informatica"
"Jose Antonio","Baron Aguado","Maquinas y Motores Termicos","Ingenieria Electromecanica"
"Bruno","Baruque Zanon","Ciencia de la Computacion e Inteligencia Artificial","Ingenieria Informatica"
"Nuno","Basurto Hornillos","Ciencia de la Computacion e Inteligencia Artificial","Ingenieria Informatica"
"Maria Amparo","Bernal Lopez-Sanvicente","Expresion Grafica Arquitectonica","Expresion Grafica"
"Miguel","Blanco Lopez","Lenguajes y Sistemas Informaticos","Ingenieria Informatica"
"Maria Isabel","Blanco Montenegro","Fisica Aplicada","Fisica"
"Alfonso","Blasco Sanz","Fisica Aplicada","Fisica"
"Maria Felicidad","Bogalo Roman","Fisica Aplicada","Fisica"
"Alfredo","Bol Arreba","Fisica Aplicada","Fisica"
"Francisco Javier","Bonal Fernandez","Expresion Grafica Arquitectonica","Expresion Grafica"
"Pedro Miguel","Bravo Diez","Ciencia de los Materiales e Ingenieria Metalurgica","Ingenieria Civil"
"Raul","Briones Llorente","Maquinas y Motores Termicos","Ingenieria Electromecanica"
"Franciso","Bueno Hernandez","Ingenieria Hidraulica","Ingenieria Civil"
"Pedro","Burgos Lazaro","Lenguajes y Sistemas Informaticos","Ingenieria Informatica"
"Roberto","Cabezon Elias","Expresion Grafica Arquitectonica","Expresion Grafica"
"Jose","Calaf Chica","Ciencia de los Materiales e Ingenieria Metalurgica","Ingenieria Civil"
"Veronica","Calderon Carpintero","Construcciones Arquitectonicas","Construcciones Arquitectonicas e Ingenierias de la Construccion y del Terreno"
"Manuel","Calvo Rathert","Fisica Aplicada","Fisica"
"Jose Maria","Camara Nebreda","Tecnologia Electronica","Ingenieria Electromecanica"
"Ignacio","Camarero Julian","Expresion Grafica Arquitectonica","Expresion Grafica"
"Carlos","Cambra Baseca","Ciencia de la Computacion e Inteligencia Artificial","Ingenieria Informatica"
"Miguel Angel","Camino Lopez","Organizacion de Empresas","Ingenieria de Organizacion"
"Antonio Jesus","Canepa Oneto","Lenguajes y Sistemas Informaticos","Ingenieria Informatica"
"Miguel Angel","Cantera Cuartango","Tecnologia Electronica","Ingenieria Electromecanica"
"David","Cardenas Gonzalo","Ciencia de los Materiales e Ingenieria Metalurgica","Ingenieria Civil"
"Roberto Carlos","Casado Vara","Matematica Aplicada","Matematicas y Computacion"
"Elena","Cebrian De Barrio","Matematica Aplicada","Matematicas y Computacion"
"David","Checa Cruz","Lenguajes y Sistemas Informaticos","Ingenieria Informatica"
"Maria del Mar","Chichon Gonzalez","Fisica Aplicada","Fisica"
"Hector","Cogollos Adrian","Lenguajes y Sistemas Informaticos","Ingenieria Informatica"
"Isidoro Ivan","Cuesta Segura","Mecanica de Medios Continuos y Teoria de Estructuras","Ingenieria Civil"
"Leticia Elena","Curiel Herrera","Lenguajes y Sistemas Informaticos","Ingenieria Informatica"
"Enrique","Curiel Sanz","Ingenieria Mecanica","Ingenieria Electromecanica"
"Antonio Jose","de Amorim Rivero","Organizacion de Empresas","Ingenieria de Organizacion"
"David","De la Fuente Diez","Tecnologia Electronica","Ingenieria Electromecanica"
"Raul","De la Hoya Camarero","Construcciones Arquitectonicas","Construcciones Arquitectonicas e Ingenierias de la Construccion y del Terreno"
"Juan Marcos","De las Heras Gonzalez","Organizacion de Empresas","Ingenieria de Organizacion"
"Mª Pilar","de las Heras Gonzalez","Matematica Aplicada","Matematicas y Computacion"
"Enrique","de Miguel Herreros","Lenguajes y Sistemas Informaticos","Ingenieria Informatica"
"Arturo","de Roman Miguel","Expresion Grafica en la Ingenieria","Expresion Grafica"
"Raul","del Barrio Tajadura","Matematica Aplicada","Matematicas y Computacion"
"Alba","del Campo Alcazar","Expresion Grafica en la Ingenieria","Expresion Grafica"
"Ricardo","del Olmo Martinez","Organizacion de Empresas","Ingenieria de Organizacion"
"Ruben","Delgado Pascual","Ingenieria Hidraulica","Ingenieria Civil"
"Silvia","Diaz de la Fuente","Organizacion de Empresas","Ingenieria de Organizacion"
"Andres","Diaz Portugal","Mecanica de Medios Continuos y Teoria de Estructuras","Ingenieria Civil"
"Mª Isabel","Dieste Velasco","Tecnologia Electronica","Ingenieria Electromecanica"
"Alvaro Antonio","Diez Labin Gazquez","Matematica Aplicada","Matematicas y Computacion"
"Maria Montserrat","Diez Mediavilla","Ingenieria Electrica","Ingenieria Electromecanica"
"Jose Francisco","Diez Pastor","Lenguajes y Sistemas Informaticos","Ingenieria Informatica"
"Fernando","Escobedo Cardenoso","Urbanistica y Ordenacion del Territorio","Ingenieria Civil"
"Ana Belen","Espinosa Gonzalez","Ingenieria del Terreno","Construcciones Arquitectonicas e Ingenierias de la Construccion y del Terreno"
"Juan Maria","Espinosa Pascual","Organizacion de Empresas","Ingenieria de Organizacion"
"Alberto","Estebanez Rodrigo","Tecnologia Electronica","Ingenieria Electromecanica"
"Fernando","Feijoo Garcia","Ingenieria Mecanica","Ingenieria Electromecanica"
"Guillermo","Fernandez Gonzalez","Fisica Aplicada","Fisica"
"Jose Luis","Fernandez Sainz-Aja","Matematica Aplicada","Matematicas y Computacion"
"Francisco","Fiol Olivan","Construcciones Arquitectonicas","Construcciones Arquitectonicas e Ingenierias de la Construccion y del Terreno"
"Ignacio","Fontaneda Gonzalez","Organizacion de Empresas","Ingenieria de Organizacion"
"Alberto","Fuentes Robles","Lenguajes y Sistemas Informaticos","Ingenieria Informatica"
"Jose Manuel","Galan Ordax","Organizacion de Empresas","Ingenieria de Organizacion"
"Javier","Garabito Lopez","Construcciones Arquitectonicas","Construcciones Arquitectonicas e Ingenierias de la Construccion y del Terreno"
"Jesus Marcos","Garcia Alonso","Maquinas y Motores Termicos","Ingenieria Electromecanica"
"Luis Jose Maria","Garcia Castillo","Ingenieria del Terreno","Construcciones Arquitectonicas e Ingenierias de la Construccion y del Terreno"
"Manuel","Garcia Fuente","Ingenieria Electrica","Ingenieria Electromecanica"
"David","Garcia Garcia","Lenguajes y Sistemas Informaticos","Ingenieria Informatica"
"Susana","Garcia Herrero","Organizacion de Empresas","Ingenieria de Organizacion"
"Esteban","Garcia Mate","Expresion Grafica en la Ingenieria","Expresion Grafica"
"Francisco Javier","Garcia Mateo","Expresion Grafica en la Ingenieria","Expresion Grafica"
"Cesar Ignacio","Garcia Osorio","Lenguajes y Sistemas Informaticos","Ingenieria Informatica"
"Luis Santiago","Garcia Pineda","Organizacion de Empresas","Ingenieria de Organizacion"
"Fernando Manuel","Garcia Reguera","Fisica Aplicada","Fisica"
"Ana","Garcia Rodriguez","Matematica Aplicada","Matematicas y Computacion"
"Maria Jose","Garcia Tarrago","Ingenieria Mecanica","Ingenieria Electromecanica"
"Jose Luis","Garrido Labrador","Lenguajes y Sistemas Informaticos","Ingenieria Informatica"
"Beatriz","Gil Arroyo","Ciencia de la Computacion e Inteligencia Artificial","Ingenieria Informatica"
"Maria Isabel","Gomez Ayala","Fisica Aplicada","Fisica"
"Jose Ruben","Gomez Camara","Expresion Grafica en la Ingenieria","Expresion Grafica"
"Francisco Javier","Gomez Gil","Ingenieria Mecanica","Ingenieria Electromecanica"
"Oscar Jesus","Gonzalez Alcantara","Organizacion de Empresas","Ingenieria de Organizacion"
"Dorys Carmen","Gonzalez Cabrera","Mecanica de Medios Continuos y Teoria de Estructuras","Ingenieria Civil"
"Nicolas Javier","Gonzalez de la Viuda","Ingenieria Electrica","Ingenieria Electromecanica"
"Alberto Fernando","Gonzalez del Barrio","Construcciones Arquitectonicas","Construcciones Arquitectonicas e Ingenierias de la Construccion y del Terreno"
"Maria Nieves","Gonzalez Delgado","Quimica Organica","Quimica"
"Maria del Rosario","Gonzalez Dieste","Organizacion de Empresas","Ingenieria de Organizacion"
"Jose Manuel","Gonzalez Martin","Construcciones Arquitectonicas","Construcciones Arquitectonicas e Ingenierias de la Construccion y del Terreno"
"Manuel Ivan","Gonzalez Martin","Fisica Aplicada","Fisica"
"Francisco Jose","Gonzalez Montalvo","Maquinas y Motores Termicos","Ingenieria Electromecanica"
"Sara","Gonzalez Moreno","Construcciones Arquitectonicas","Construcciones Arquitectonicas e Ingenierias de la Construccion y del Terreno"
"Francisco Javier","Gonzalez Moya","Lenguajes y Sistemas Informaticos","Ingenieria Informatica"
"David","Gonzalez Pena","Maquinas y Motores Termicos","Ingenieria Electromecanica"
"Hernan","Gonzalo Orden","Ingenieria e Infraestructura de los Transportes","Ingenieria Civil"
"Diego","Granados Lopez","Maquinas y Motores Termicos","Ingenieria Electromecanica"
"Henar","Guillen Sanz","Lenguajes y Sistemas Informaticos","Ingenieria Informatica"
"Sara","Gutierrez Gonzalez","Construcciones Arquitectonicas","Construcciones Arquitectonicas e Ingenierias de la Construccion y del Terreno"
"Ivan","Gutierrez Sagredo","Matematica Aplicada","Matematicas y Computacion"
"Helena","Hernando Ceballos","Ingenieria Mecanica","Ingenieria Electromecanica"
"Diego","Hernando Revenga","Lenguajes y Sistemas Informaticos","Ingenieria Informatica"
"Francisco Jose","Herranz Zorrilla","Fisica Aplicada","Fisica"
"Angela","Herrejon Lagunilla","Fisica Aplicada","Fisica"
"Julian Agustin","Herrero Canal","Expresion Grafica Arquitectonica","Expresion Grafica"
"Alvaro","Herrero Cosio","Ciencia de la Computacion e Inteligencia Artificial","Ingenieria Informatica"
"Sergio Jorge","Ibanez Garcia","Ingenieria del Terreno","Construcciones Arquitectonicas e Ingenierias de la Construccion y del Terreno"
"Luis Rodrigo","Izquierdo Millan","Organizacion de Empresas","Ingenieria de Organizacion"
"Jose Luis","Jabato Dehesa","Ingenieria de Sistemas y Automatica","Ingenieria Electromecanica"
"Carlos Santiago","Junco Petrement","Construcciones Arquitectonicas","Construcciones Arquitectonicas e Ingenierias de la Construccion y del Terreno"
"Ana Maria","Lara Palma","Organizacion de Empresas","Ingenieria de Organizacion"
"Pedro","Latorre Carmona","Lenguajes y Sistemas Informaticos","Ingenieria Informatica"
"Juan Jose","Lavios Villahoz","Organizacion de Empresas","Ingenieria de Organizacion"
"Alaitz","Linares Unamunzaga","Ingenieria e Infraestructura de los Transportes","Ingenieria Civil"
"Victor","Lopez Ausin","Ingenieria Hidraulica","Ingenieria Civil"
"Juana Isabel","Lopez Fernandez","Edafologia y Quimica Agricola","Quimica"
"Jose Ramon","Lopez Garcia","Expresion Grafica Arquitectonica","Expresion Grafica"
"Carlos","Lopez Nozal","Lenguajes y Sistemas Informaticos","Ingenieria Informatica"
"Juan Miguel","Lopez Vallejo","Ciencia de la Computacion e Inteligencia Artificial","Ingenieria Informatica"
"Ana","Lorente Marin","Matematica Aplicada","Matematicas y Computacion"
"Miriam","Lorenzo Banuelos","Ingenieria Mecanica","Ingenieria Electromecanica"
"Miguel Angel","Lozano Perez","Tecnologia Electronica","Ingenieria Electromecanica"
"Jesus Heriberto","Lucio Garcia","Fisica Aplicada","Fisica"
"Jose Manuel","Luis Gutierrez","Ingenieria de Sistemas y Automatica","Ingenieria Electromecanica"
"Jose Alberto","Maestro Prieto","Lenguajes y Sistemas Informaticos","Ingenieria Informatica"
"Lara","Manjon Rio","Lenguajes y Sistemas Informaticos","Ingenieria Informatica"
"Juan Manuel","Manso Villalain","Mecanica de Medios Continuos y Teoria de Estructuras","Ingenieria Civil"
"Miguel Angel","Manzanedo del Campo","Organizacion de Empresas","Ingenieria de Organizacion"
"Antonio","Manzano Rodriguez","Matematica Aplicada","Matematicas y Computacion"
"Luis Antonio","Marcos Naveira","Quimica Organica","Quimica"
"Esteban","Marcos Reguero","Organizacion de Empresas","Ingenieria de Organizacion"
"Pedro Angel","Marcos Villa","Fisica Aplicada","Fisica"
"Miguel Angel","Mariscal Saldana","Organizacion de Empresas","Ingenieria de Organizacion"
"Raul","Marticorena Sanchez","Lenguajes y Sistemas Informaticos","Ingenieria Informatica"
"David Hermindo","Martin Alonso","Lenguajes y Sistemas Informaticos","Ingenieria Informatica"
"Aitor","Martin de la Fuente","Construcciones Arquitectonicas","Construcciones Arquitectonicas e Ingenierias de la Construccion y del Terreno"
"Juan Vicente","Martin Fraile","Ingenieria de Sistemas y Automatica","Ingenieria Electromecanica"
"Ismael","Martin Para","Ingenieria de la Construccion","Construcciones Arquitectonicas e Ingenierias de la Construccion y del Terreno"
"Mario","Martinez Abad","Lenguajes y Sistemas Informaticos","Ingenieria Informatica"
"Virginia","Martinez Fuentes","Lenguajes y Sistemas Informaticos","Ingenieria Informatica"
"Samuel","Martinez Gutierrez","Organizacion de Empresas","Ingenieria de Organizacion"
"Alberto","Martinez Martinez","Ingenieria Mecanica","Ingenieria Electromecanica"
"Jose Antonio","Martinez Martinez","Mecanica de Medios Continuos y Teoria de Estructuras","Ingenieria Civil"
"Elias","Martinez Muniz","Expresion Grafica en la Ingenieria","Expresion Grafica"
"Ricardo","Martinez Rayon","Ingenieria Electrica","Ingenieria Electromecanica"
"Jesus Manuel","Maudes Raedo","Lenguajes y Sistemas Informaticos","Ingenieria Informatica"
"Carlos","Melgosa Pedrosa","Expresion Grafica en la Ingenieria","Expresion Grafica"
"Alvaro","Mena Alonso","Mecanica de Medios Continuos y Teoria de Estructuras","Ingenieria Civil"
"Alejandro","Merino Gomez","Ingenieria de Sistemas y Automatica","Ingenieria Electromecanica"
"Ines","Miguel Alonso","Lenguajes y Sistemas Informaticos","Ingenieria Informatica"
"Jesus","Minguez Algarra","Mecanica de Medios Continuos y Teoria de Estructuras","Ingenieria Civil"
"Juan Cruz","Monje Santillana","Organizacion de Empresas","Ingenieria de Organizacion"
"Maria del Rosario","Moradillo De las Heras","Mecanica de Medios Continuos y Teoria de Estructuras","Ingenieria Civil"
"Estrella","Morales Martin","Lenguajes y Sistemas Informaticos","Ingenieria Informatica"
"Jesus","Moreno Revilla","Mecanica de Medios Continuos y Teoria de Estructuras","Ingenieria Civil"
"Guzman","Moreno Roman","Tecnologia Electronica","Ingenieria Electromecanica"
"Ignacio","Moreno Velasco","Tecnologia Electronica","Ingenieria Electromecanica"
"Carmelo","Munoz Ruiperez","Construcciones Arquitectonicas","Construcciones Arquitectonicas e Ingenierias de la Construccion y del Terreno"
"Natalia","Munoz Rujas","Maquinas y Motores Termicos","Ingenieria Electromecanica"
"Carlos","Munoz San Emeterio","Expresion Grafica Arquitectonica","Expresion Grafica"
"Maria Milagros","Navarro Gonzalez","Edafologia y Quimica Agricola","Quimica"
"Felix","Nogal Santamaria","Lenguajes y Sistemas Informaticos","Ingenieria Informatica"
"Ana Isabel","Obregon Cuesta","Matematica Aplicada","Matematicas y Computacion"
"Alicia","Olivares Gil","Lenguajes y Sistemas Informaticos","Ingenieria Informatica"
"Ana Isabel","Orive Herrero","Construcciones Arquitectonicas","Construcciones Arquitectonicas e Ingenierias de la Construccion y del Terreno"
"Vanesa","Ortega Lopez","Mecanica de Medios Continuos y Teoria de Estructuras","Ingenieria Civil"
"Sergio","Ortiz Barcina","Organizacion de Empresas","Ingenieria de Organizacion"
"Santiago","Ortiz Palacio","Ingenieria del Terreno","Construcciones Arquitectonicas e Ingenierias de la Construccion y del Terreno"
"Andres","Palacios Pablos","Filologia Inglesa","Filologia"
"Carlos","Pardo Aguilar","Lenguajes y Sistemas Informaticos","Ingenieria Informatica"
"Ignacio","Pardo Aguilar","Lenguajes y Sistemas Informaticos","Ingenieria Informatica"
"Maria Teresa","Pena Perez","Organizacion de Empresas","Ingenieria de Organizacion"
"Zaira","Perez Blanco","Matematica Aplicada","Matematicas y Computacion"
"Eduardo","Perez Colina","Ingenieria Mecanica","Ingenieria Electromecanica"
"Victor","Perez Ortega","Expresion Grafica en la Ingenieria","Expresion Grafica"
"Javier","Perez Rodriguez","Lenguajes y Sistemas Informaticos","Ingenieria Civil"
"Jesus Emiliano","Perez Villejas","Lenguajes y Sistemas Informaticos","Ingenieria Informatica"
"Roberto","Pintor Alba","Ciencia de la Computacion e Inteligencia Artificial","Ingenieria Informatica"
"Jose Angel","Porres Benito","Ingenieria del Terreno","Construcciones Arquitectonicas e Ingenierias de la Construccion y del Terreno"
"Monica","Preciado Calzada","Ciencia de los Materiales e Ingenieria Metalurgica","Ingenieria Civil"
"Jose Miguel","Ramirez Sanz","Lenguajes y Sistemas Informaticos","Ingenieria Informatica"
"Ismael","Ramos Perez","Lenguajes y Sistemas Informaticos","Ingenieria Informatica"
"Raquel","Redondo Guevara","Ciencia de la Computacion e Inteligencia Artificial","Ingenieria Informatica"
"Nuria","Reguera Lopez","Matematica Aplicada","Matematicas y Computacion"
"Jose Javier","Relancio Martinez","Matematica Aplicada","Matematicas y Computacion"
"Pedro","Renedo Fernandez","Lenguajes y Sistemas Informaticos","Ingenieria Informatica"
"Cesar","Represa Perez","Tecnologia Electronica","Ingenieria Electromecanica"
"Victor","Revilla Cuesta","Mecanica de Medios Continuos y Teoria de Estructuras","Ingenieria Civil"
"Fernando","Rivas Navazo","Tecnologia Electronica","Ingenieria Electromecanica"
"Alba","Rodrigo Bravo","Construcciones Arquitectonicas","Construcciones Arquitectonicas e Ingenierias de la Construccion y del Terreno"
"Luis Miguel","Rodrigo Carabias","Ingenieria Hidraulica","Ingenieria Civil"
"Sandra","Rodriguez Arribas","Lenguajes y Sistemas Informaticos","Ingenieria Informatica"
"Juan Jose","Rodriguez Diez","Lenguajes y Sistemas Informaticos","Ingenieria Informatica"
"Angel","Rodriguez Saiz","Construcciones Arquitectonicas","Construcciones Arquitectonicas e Ingenierias de la Construccion y del Terreno"
"Francisco Javier","Rodriguez Vidal","Quimica Organica","Quimica"
"Marta","Rojo Arce","Ingenieria e Infraestructura de los Transportes","Ingenieria Civil"
"Gabriel","Rubio Perez","Maquinas y Motores Termicos","Ingenieria Electromecanica"
"Justo","Ruiz Calvo","Ingenieria Mecanica","Ingenieria Electromecanica"
"Saul Jose","Ruiz Gomez","Ciencia de la Computacion e Inteligencia Artificial","Ingenieria Informatica"
"Ruben","Ruiz Gonzalez","Ingenieria de Sistemas y Automatica","Ingenieria Electromecanica"
"Jesus","Sagredo Gonzalez","Ingenieria Electrica","Ingenieria Electromecanica"
"Leticia","Sainz Villegas","Matematica Aplicada","Matematicas y Computacion"
"Jose Manuel","Saiz Diez","Lenguajes y Sistemas Informaticos","Ingenieria Informatica"
"Miguel Angel","Salas Garcia","Ingenieria de la Construccion","Construcciones Arquitectonicas e Ingenierias de la Construccion y del Terreno"
"Diego","Saldana Arce","Ingenieria Hidraulica","Ingenieria Civil"
"Jorge","San Miguel Navazo","Ciencia de la Computacion e Inteligencia Artificial","Ingenieria Informatica"
"Elisa Maria","Sanchez Moreno","Fisica Aplicada","Fisica"
"Pedro Luis","Sanchez Ortega","Tecnologia Electronica","Ingenieria Electromecanica"
"Rosa Maria","Sanchez Saiz","Organizacion de Empresas","Ingenieria de Organizacion"
"Jose Cruz","Santamaria Llano","Fisica Aplicada","Fisica"
"Julio Jesus","Santillana Juez","Expresion Grafica Arquitectonica","Expresion Grafica"
"Jose Ignacio","Santos Martin","Organizacion de Empresas","Ingenieria de Organizacion"
"Daniel","Sarabia Ortiz","Ingenieria de Sistemas y Automatica","Ingenieria Electromecanica"
"Joaquin Pedro","Seco Martinez","Lenguajes y Sistemas Informaticos","Ingenieria Informatica"
"Diego","Sedano Alonso","Matematica Aplicada","Matematicas y Computacion"
"Ana Isabel","Serna Medina","Tecnologia Electronica","Ingenieria Electromecanica"
"Roberto","Serrano Lopez","Urbanistica y Ordenacion del Territorio","Ingenieria Civil"
"Ana","Serrano Mamolar","Lenguajes y Sistemas Informaticos","Ingenieria Informatica"
"Daniel","Seto Rey","Lenguajes y Sistemas Informaticos","Ingenieria Informatica"
"Mark Jan","Sier","Fisica Aplicada","Fisica"
"Jesus Enrique","Sierra Garcia","Ingenieria de Sistemas y Automatica","Ingenieria Electromecanica"
"Silvia","Sipone","Ingenieria e Infraestructura de los Transportes","Ingenieria Civil"
"Marta","Skaf Revenga","Ingenieria de la Construccion","Construcciones Arquitectonicas e Ingenierias de la Construccion y del Terreno"
"Manuel","Solaguren-Beascoa Fernandez","Mecanica de Medios Continuos y Teoria de Estructuras","Ingenieria Civil"
"Luis Alfredo","Suarez Vivar","Mecanica de Medios Continuos y Teoria de Estructuras","Ingenieria Civil"
"Maria Soledad","Tobar Puente","Matematica Aplicada","Matematicas y Computacion"
"Maria Begona","Torres Cabrera","Matematica Aplicada","Matematicas y Computacion"
"Daniel","Urda Munoz","Ciencia de la Computacion e Inteligencia Artificial","Ingenieria Informatica"
"Rolando","Valdes Castro","Fisica Aplicada","Fisica"
"Maria Belen","Vaquerizo Garcia","Ciencia de la Computacion e Inteligencia Artificial","Ingenieria Informatica"
"Juan Manuel","Varona Arnaiz","Organizacion de Empresas","Ingenieria de Organizacion"
"Jose Maria","Vela Castresana","Ingenieria de Sistemas y Automatica","Ingenieria Electromecanica"
"Ignacio","Velazquez Pacheco","Maquinas y Motores Termicos","Ingenieria Electromecanica"
"Wilco Martinus Hendrikus","Verbeeten","Mecanica de Medios Continuos y Teoria de Estructuras","Ingenieria Civil"
"Eva","Vernet Tarrago","Fisica Aplicada","Fisica"
"Miguel Angel","Vicente Cabrera","Mecanica de Medios Continuos y Teoria de Estructuras","Ingenieria Civil"
"Juan Jose","Villalain Santamaria","Fisica Aplicada","Fisica"
"Eric Gabriel","Vizcaya Accaputo","Lenguajes y Sistemas Informaticos","Ingenieria Informatica"
"Laura","Yenes Perez","Fisica Aplicada","Fisica"
"Guirguis","Zaki Guirguis Abdelmessih","Tecnologia Electronica","Ingenieria Electromecanica"
"Raul","Zamora Samperio","Expresion Grafica en la Ingenieria","Expresion Grafica"
"Jose Angel","Zapatero Gonzalez","Ciencia de los Materiales e Ingenieria Metalurgica","Ingenieria Civil"
"Maria Jose","Zapatero Moreno","Matematica Aplicada","Matematicas y Computacion"
"Belen","Zurro Garcia","Construcciones Arquitectonicas","Construcciones Arquitectonicas e Ingenierias de la Construccion y del Terreno"
